,Foreign_trade_index_Imports_agriculture,CentralGovDebt,domestic_demand_on_GDP_x,domestic_demand_on_GDP_y,Foreign_trade_index_Exports_Food_products,Unemployment,ConsumerPrices,GNI(dollars),LaborParticipation,GDP(dollars)
1960-01-01,,,,,,,0.027492373101054235,-1.2084567388352934,,-1.2168263176785714
1961-01-01,,,,,,,-0.44452371820849906,-1.2033474776317137,,-1.2115970664048474
1962-01-01,,,,,,,0.35077024776653204,-1.1952180465440894,,-1.2034619383766307
1963-01-01,,,,,,,0.26064570097449935,-1.1861730980935903,,-1.1943223588857876
1964-01-01,,,,,,,-0.22452746652161354,-1.1771125884414557,,-1.1850859168364618
1965-01-01,,,,,,,-0.36239972560634853,-1.1697430627003536,,-1.1775664631525757
1966-01-01,,,,,,,-0.38983479932291387,-1.161461909896786,,-1.1690690956933194
1967-01-01,,,,,,,-0.33833794222067776,-1.1526866889412977,,-1.1601537596597864
1968-01-01,,,,,,,0.13692167807157588,-1.1422477161776394,,-1.149355574715466
1969-01-01,,,,,,,0.5447033738116664,-1.1305773744312042,,-1.1372539502345298
1970-01-01,,,,,,,0.34218487745866405,-1.1240663059427771,,-1.1307093132885089
1971-01-01,,,,,,,0.3687444545485906,-1.1067632706630632,,-1.1132221821729604
1972-01-01,,,,,,,0.5493273414520996,-1.070141482647244,,-1.0757442086301026
1973-01-01,,,,,,,0.9068648432818818,-1.0106704535570965,,-1.0148889531165368
1974-01-01,,,,,,,2.6079157411681195,-0.9903007049279791,,-0.9937943508469267
1975-01-01,,,,,,,2.07513893571735,-0.9164624098077437,,-0.9186139534619288
1976-01-01,,,,,,,1.516029451462324,-0.9051148422435467,,-0.9071422706488024
1977-01-01,,,,,,,1.4804978565366864,-0.8681976697571298,,-0.8692319537175336
1978-01-01,,,,,,,1.414288135766209,-0.7734162216423687,,-0.7729309358906366
1979-01-01,,,,,,,1.7931481416631994,-0.6676848784798463,,-0.6658272843861236
1980-01-01,,,,,,,2.5843787352668492,-0.5800298036832007,,-0.5786073305487709
1981-01-01,,,,,,,2.5170355419008112,-0.6649430458686134,,-0.6642303231840936
1982-01-01,,,,,,,2.1545225602672864,-0.6973080143987245,,-0.6948642845573824
1983-01-01,,,,,,,1.470998730512379,-0.7253636213524441,,-0.7198398104630839
1984-01-01,,,,,,,0.9864267091877735,-0.7548896325983508,,-0.7489866677166612
1985-01-01,,,,,,,0.486399081389717,-0.7303866506406425,,-0.7265616871536763
1986-01-01,,,,,,,-0.4070590508407846,-0.5133486756630866,,-0.5085176507941607
1987-01-01,,,,,,,-0.20344137459986628,-0.3505397966053174,,-0.34602999533819134
1988-01-01,,,,,,,-0.36302093539697483,-0.268571338679684,,-0.26146807895720653
1989-01-01,,,,,,,-0.1466184419461287,-0.26509974537503683,,-0.25511172420369366
1990-01-01,,,,,,,-0.22911563346461838,-0.026497001388726123,-0.000956181415687166,-0.011466097688007144
1991-01-01,,,,,,-0.34830906955173524,-0.22392624545373443,-0.027469439251442854,-0.9597289760224427,-0.011369014704413056
1992-01-01,,,,,,0.3456973669545376,-0.4544826244983727,0.10363800085898786,-0.6328702691262822,0.12064550959912318
1993-01-01,,,,,,1.058981589799889,-0.524844488409627,0.0277693850495933,-0.654665282845951,0.04209906571702393
1994-01-01,,,,,,1.8750821030567675,-0.6466688619293336,0.09542410523223034,-0.8071971294341969,0.11317221927211643
1995-01-01,,,,,,1.3931331547702126,-0.6084169326354184,0.29837537604967096,-0.8943605595880458,0.3200107102713815
1996-01-01,,,,,,1.7337102399670459,-0.5578356557150796,0.31096296383917926,-0.1752747293613125,0.32458499176893396
1997-01-01,,,,,,1.8622298369441475,-0.7692055293543024,0.16573290751460162,-0.872565545868377,0.17199659981022508
1998-01-01,,-0.871054020998602,,,,1.5409305380864442,-0.9192152307120642,0.21662645687633783,-0.8507788445110129,0.22215409479620218
1999-01-01,-1.4028729496691255,-1.032611242520333,,,-1.4691961266549998,1.4830965662392872,-0.9501457534822827,0.21685514553720808,-0.21885644443834537,0.21221024267745917
1999-02-01,-1.4167295807934894,,,,-1.5791322877945306,,,,,
1999-03-01,-1.5137259986640361,,0.38016133000440616,0.38016133000440616,-1.5706756600145662,,,,,
1999-04-01,-1.5899374698480362,,,,-1.6298720544743133,,,,,
1999-05-01,-1.7631453589025832,,,,-1.6383286822542766,,,,,
1999-06-01,-1.922496616832766,,-0.09974859002680014,-0.09974859002680013,-1.5622190322346028,,,,,
1999-07-01,-1.9987080880167671,,,,-1.5622190322346028,,,,,
1999-08-01,-1.950209879081494,,,,-1.5960455433544574,,,,,
1999-09-01,-1.8670700923353112,,0.11494795314505528,0.11494795314505529,-1.5960455433544574,,,,,
1999-10-01,-1.9779231413302207,,,,-1.5453057766746747,,,,,
1999-11-01,-2.095704505887313,,,,-1.5622190322346028,,,,,
1999-12-01,-1.7354320966538552,,0.6074870815981355,0.6074870815981355,-1.5283925211147469,,,,,
2000-01-01,-1.7354320966538552,-1.0766686588545458,,,-1.5791322877945306,0.3521235000108157,-0.6411211179620607,0.08439257490943654,-0.32780657594955837,0.08486655983488958
2000-02-01,-1.4098012652313079,,,,-1.5622190322346028,,,,,
2000-03-01,-1.4860127364153082,,0.24965950964504302,0.24965950964504305,-1.5791322877945306,,,,,
2000-04-01,-1.3543747407338522,,,,-1.4776527544349642,,,,,
2000-05-01,-1.3405181096094891,,,,-1.435369615535145,,,,,
2000-06-01,-1.6522923099076736,,0.3338542324575353,0.3338542324575353,-1.4269129877551805,,,,,
2000-07-01,-1.6245790476589457,,,,-1.3592599655154698,,,,,
2000-08-01,-1.818571883400038,,,,-1.3169768266156505,,,,,
2000-09-01,-1.7562170433404016,,0.27912766262941535,0.27912766262941535,-1.2239539210360486,,,,,
2000-10-01,-1.3335897940473067,,,,-1.0971045043365908,,,,,
2000-11-01,-1.2227367450523972,,,,-1.0548213654367715,,,,,
2000-12-01,-0.9109625447542129,,0.056011647176310686,0.05601164717631071,-0.9956249709770244,,,,,
2001-01-01,-1.451371158604399,-1.100968445647457,,,-1.0125382265369522,-0.6824606345220392,-0.6522952924444886,0.09930840120467797,-0.7636154143571641,0.09686836763563725
2001-02-01,-1.3820880029825802,,,,-0.987168343197061,,,,,
2001-03-01,-1.174238536117124,,-0.1628946321361694,-0.16289463213616936,-0.9364285765172772,,,,,
2001-04-01,-0.9871740159382131,,,,-0.87723218205753,,,,,
2001-05-01,-0.7031130778887567,,,,-0.87723218205753,,,,,
2001-06-01,-0.8693926513811211,,0.0896895363013076,0.08968953630130762,-0.8603189264976032,,,,,
2001-07-01,-1.042600540435668,,,,-0.8687755542775666,,,,,
2001-08-01,-1.250450007301124,,,,-0.9195153209573492,,,,,
2001-09-01,-1.1257403271818505,,-0.26813803565178485,-0.26813803565178485,-0.9787117154170965,,,,,
2001-10-01,-1.555295892037127,,,,-0.9195153209573492,,,,,
2001-11-01,-1.673077256594219,,,,-0.8349490431577107,,,,,
2001-12-01,-0.9733173848138491,,-0.10816806230804939,-0.10816806230804937,-0.8264924153777473,,,,,
2002-01-01,-0.7723962335105754,-0.931119887599988,,,-0.9026020653974225,-0.6246266626748881,-0.5739735394377198,0.21111192160887268,-0.2842248608727577,0.2204569827994468
2002-02-01,-0.75161128682403,,,,-0.8941454376174579,,,,,
2002-03-01,-0.619973291142574,,0.15704531455130147,0.1570453145513015,-0.8349490431577107,,,,,
2002-04-01,-1.056457171560032,,,,-0.8856888098374945,,,,,
2002-05-01,-1.2088801139280332,,,,-1.0209948543169156,,,,,
2002-06-01,-1.569152523161491,,-0.1965725212611663,-0.19657252126116628,-1.0040815987569878,,,,,
2002-07-01,-1.5345109453505814,,,,-1.0717346209966996,,,,,
2002-08-01,-1.6245790476589457,,,,-1.0040815987569878,,,,,
2002-09-01,-1.2365933761767611,,-0.04502202019868013,-0.04502202019868011,-1.0125382265369522,,,,,
2002-10-01,-1.250450007301124,,,,-0.9956249709770244,,,,,
2002-11-01,-1.2365933761767611,,,,-0.9617984598571685,,,,,
2002-12-01,-1.1811668516793055,,-0.07869990932367706,-0.07869990932367704,-0.9364285765172772,,,,,
2003-01-01,-1.0703138026843957,-0.8048083355168383,,,-1.0125382265369522,-0.8752397235728407,-0.5264700653928995,0.5546476512772855,1.219306903652832,0.563139242897831
2003-02-01,-0.6615431845156649,,,,-1.0548213654367715,,,,,
2003-03-01,-0.6476865533913019,,0.13178689770755375,0.13178689770755378,-0.9533418320772051,,,,,
2003-04-01,-0.7031130778887567,,,,-1.0717346209966996,,,,,
2003-05-01,-0.7585396023862114,,,,-1.1055611321165542,,,,,
2003-06-01,-1.001030647062577,,-0.2386698826674125,-0.23866988266741246,-1.13938764323641,,,,,
2003-07-01,-1.3058765317985799,,,,-1.0040815987569878,,,,,
2003-08-01,-1.1257403271818505,,,,-1.0717346209966996,,,,,
2003-09-01,-1.0356722248734864,,0.07285059173880912,0.07285059173880913,-1.0379081098768437,,,,,
2003-10-01,-0.8208944424458487,,,,-1.0040815987569878,,,,,
2003-11-01,-1.1188120116196691,,,,-0.987168343197061,,,,,
2003-12-01,-1.2296650606145787,,0.0012850773481906466,0.0012850773481906652,-0.9026020653974225,,,,,
2004-01-01,-1.1188120116196691,-0.7557983866234232,,,-1.0209948543169156,-0.48968093264146384,-0.5146342275532447,0.8278835919439677,0.870661495399292,0.8378643472839846
2004-02-01,-1.1257403271818505,,,,-0.9787117154170965,,,,,
2004-03-01,-0.8693926513811211,,0.2664984542075415,0.2664984542075415,-0.987168343197061,,,,,
2004-04-01,-1.0287439093113049,,,,-0.9787117154170965,,,,,
2004-05-01,-0.7308263401374836,,,,-0.9364285765172772,,,,,
2004-06-01,-0.6892564467643928,,0.09389927244193222,0.09389927244193223,-0.9533418320772051,,,,,
2004-07-01,-1.16038190499276,,,,-0.9448852042972418,,,,,
2004-08-01,-1.3613030562960347,,,,-0.9956249709770244,,,,,
2004-09-01,-1.1534535894305784,,0.08547980016068299,0.085479800160683,-0.9195153209573492,,,,,
2004-10-01,-1.2088801139280332,,,,-0.987168343197061,,,,,
2004-11-01,-1.2019517983658519,,,,-1.0379081098768437,,,,,
2004-12-01,-0.8971059136298489,,0.1907232036762984,0.19072320367629841,-1.1563008987963381,,,,,
2005-01-01,-0.9525324381273037,-0.7067933917660058,,,-1.1732141543562649,-0.7595723927083192,-0.622150794505389,0.9114164584164112,0.8488747940419125,0.9150742988119523
2005-02-01,-0.5853317133316647,,,,-1.2154972932560841,,,,,
2005-03-01,-0.31512740640657116,,0.04338243875443683,0.04338243875443685,-1.1478442710163734,,,,,
2005-04-01,-1.1118836960574867,,,,-1.2408671765959767,,,,,
2005-05-01,-0.7031130778887567,,,,-1.232410548816012,,,,,
2005-06-01,-0.8208944424458487,,-0.1165875345892986,-0.11658753458929859,-1.1224743876764822,,,,,
2005-07-01,-1.1118836960574867,,,,-1.1816707821362293,,,,,
2005-08-01,-0.9248191758785769,,,,-1.2070406654761208,,,,,
2005-09-01,-0.8693926513811211,,0.07285059173880912,0.07285059173880913,-1.1478442710163734,,,,,
2005-10-01,-0.883249282505485,,,,-1.1224743876764822,,,,,
2005-11-01,-0.9178908603163943,,,,-1.1055611321165542,,,,,
2005-12-01,-0.7862528646349394,,0.20756214823879687,0.2075621482387969,-1.080191248776663,,,,,
2006-01-01,-0.75161128682403,-0.941351114647541,,,-1.0548213654367715,-0.7852763121037397,-0.6413478059673113,1.0406408227036488,0.6527612323766337,1.0385020718556457
2006-02-01,-0.6407582378291194,,,,-1.0379081098768437,,,,,
2006-03-01,-0.7308263401374836,,-0.04081228405805551,-0.04081228405805549,-1.1140177598965189,,,,,
2006-04-01,-0.9525324381273037,,,,-1.0632779932167349,,,,,
2006-05-01,-0.6961847623265742,,,,-1.0886478765566263,,,,,
2006-06-01,-0.765467917948393,,0.27912766262941535,0.27912766262941535,-1.0886478765566263,,,,,
2006-07-01,-0.737754655699666,,,,-1.1478442710163734,,,,,
2006-08-01,-0.5784033977694831,,,,-1.1309310154564456,,,,,
2006-09-01,-0.7169697090131206,,-0.053441492479929374,-0.05344149247992935,-1.046364737656807,,,,,
2006-10-01,-0.9456041225651223,,,,-0.9787117154170965,,,,,
2006-11-01,-0.9941023315003955,,,,-0.9533418320772051,,,,,
2006-12-01,-0.9386758070029398,,0.20756214823879687,0.2075621482387969,-0.987168343197061,,,,,
2007-01-01,-0.6061166600182101,-1.0165648581157356,,,-0.8941454376174579,-1.2929291797857216,-0.6921256003593692,1.378805831627141,0.9360299118337043,1.3781080157899528
2007-02-01,-0.5645467666451193,,,,-0.8434056709376753,,,,,
2007-03-01,-0.4675503487745726,,0.22019135666067066,0.2201913566606707,-0.8434056709376753,,,,,
2007-04-01,-0.4121238242771178,,,,-0.7757526486979647,,,,,
2007-05-01,-0.5506901355207553,,,,-0.7419261375781088,,,,,
2007-06-01,-0.6476865533913019,,0.2622887180669169,0.2622887180669169,-0.7672960209180001,,,,,
2007-07-01,-0.8278227580080302,,,,-0.7080996264582529,,,,,
2007-08-01,-0.765467917948393,,,,-0.5812502097587952,,,,,
2007-09-01,-0.3844105620283899,,0.08127006402005836,0.08127006402005837,-0.5135971875190846,,,,,
2007-10-01,-0.27355751303348036,,,,-0.42057428193948265,,,,,
2007-11-01,-0.2666291974712989,,,,-0.35292125969977206,,,,,
2007-12-01,-0.16270446403857075,,-0.07028043704242783,-0.07028043704242781,-0.2768116096800969,,,,,
2008-01-01,-0.14191951735202435,-0.7188632505267593,,,-0.15841882076060249,-1.678488277131989,-0.3326164501568834,1.6527674009647422,1.132143473498983,1.647464364617121
2008-02-01,0.1074998428865227,,,,-0.19224533188045836,,,,,
2008-03-01,0.12828478957306813,,-0.09974859002680014,-0.09974859002680013,-0.15841882076060249,,,,,
2008-04-01,0.017431740578158546,,,,-0.14150556520067573,,,,,
2008-05-01,0.08671489619997728,,,,-0.09922242630085647,,,,,
2008-06-01,-0.04492309948147871,,-0.3186548693392802,-0.3186548693392802,-0.03156940406114468,,,,,
2008-07-01,-0.06570804616802413,,,,0.002257107058710009,,,,,
2008-08-01,-0.01720983723275082,,,,0.002257107058710009,,,,,
2008-09-01,-0.010281521670569341,,-0.20078225740179095,-0.20078225740179093,-0.0061995207212533635,,,,,
2008-10-01,0.010503425015976082,,,,-0.02311277628118131,,,,,
2008-11-01,0.010503425015976082,,,,-0.09922242630085647,,,,,
2008-12-01,-0.17656109516293372,,-0.5922877184798803,-0.5922877184798803,-0.23452847078027764,,,,,
2009-01-01,-0.04492309948147871,-0.08274317302990518,,,-0.31909474857991615,-0.5989227432794675,-1.0721258088286416,1.4271798960653035,1.5897473256260253,1.4183509209428302
2009-02-01,-0.010281521670569341,,,,-0.3782911430396634,,,,,
2009-03-01,-0.09342130841675202,,-0.8785497760423542,-0.8785497760423542,-0.44594416527937397,,,,,
2009-04-01,-0.21813098853602556,,,,-0.5135971875190846,,,,,
2009-05-01,-0.19041772628729767,,,,-0.5558803264189038,,,,,
2009-06-01,-0.5784033977694831,,-0.39443011987052334,-0.39443011987052334,-0.5135971875190846,,,,,
2009-07-01,-0.9525324381273037,,,,-0.5981634653187231,,,,,
2009-08-01,-1.0218155937491225,,,,-0.5474236986389405,,,,,
2009-09-01,-0.6684715000778473,,-0.1965725212611663,-0.19657252126116628,-0.5643369541988684,,,,,
2009-10-01,-0.5714750822073007,,,,-0.6658164875584336,,,,,
2009-11-01,-0.5506901355207553,,,,-0.6573598597784702,,,,,
2009-12-01,-0.5299051888342099,,0.55697024791064,0.55697024791064,-0.5558803264189038,,,,,
2010-01-01,-0.16270446403857075,0.036310070407063515,,,-0.5135971875190846,-0.5153848520368901,-0.6804234893123956,1.3719520520665416,1.4372071666754902,1.3627249935725636
2010-02-01,0.05900163395124939,,,,-0.45440079305933734,,,,,
2010-03-01,0.301492678627615,,-0.364961966886151,-0.364961966886151,-0.5051405597391212,,,,,
2010-04-01,0.6063385633636178,,,,-0.4966839319591566,,,,,
2010-05-01,0.4262023587468885,,,,-0.429030909719446,,,,,
2010-06-01,0.5578403544283445,,0.17809399525442454,0.17809399525442457,-0.29372486524002483,,,,,
2010-07-01,0.4747005676821618,,,,-0.20070195966042173,,,,,
2010-08-01,0.5439837233039805,,,,-0.25144172634020556,,,,,
2010-09-01,0.287636047503251,,0.1907232036762984,0.19072320367629841,-0.13304893742071117,,,,,
2010-10-01,0.22528120744361474,,,,-0.11613568186078321,,,,,
2010-11-01,0.287636047503251,,,,-0.04848265962107263,,,,,
2010-12-01,0.2599227852545241,,0.13178689770755375,0.13178689770755378,-0.040026031841109255,,,,,
2011-01-01,0.4400589898712524,0.13702235631293147,,,0.23904268489769764,-0.5539404247151375,-0.5229083176833401,1.6012262670230843,0.8924481967566715,1.582404158731266
2011-02-01,0.945826025910529,,,,0.34052221825726414,,,,,
2011-03-01,0.8903995014130742,,0.4601463166762738,0.4601463166762738,0.4081752404969747,,,,,
2011-04-01,0.8280446613534379,,,,0.5181114016365057,,,,,
2011-05-01,0.9943242348458023,,,,0.5011981460765778,,,,,
2011-06-01,0.6756217189854365,,-0.508092995667388,-0.508092995667388,0.5688511683162883,,,,,
2011-07-01,0.6756217189854365,,,,0.5688511683162883,,,,,
2011-08-01,0.7656898212938007,,,,0.5857644238762163,,,,,
2011-09-01,0.5301270921796166,,-0.04923175633930475,-0.04923175633930473,0.543481284976397,,,,,
2011-10-01,0.6617650878610726,,,,0.619590934996071,,,,,
2011-11-01,0.7310482434828913,,,,0.5942210516561797,,,,,
2011-12-01,0.48855719880652576,,-0.36075223074552637,-0.36075223074552637,0.6111343072161076,,,,,
2012-01-01,0.287636047503251,0.5410722487659495,,,0.5350246571964326,-0.17480776684006366,-0.5656203941565182,1.4070206715700124,1.3500520488836982,1.401158006183374
2012-02-01,0.8141880302290739,,,,0.5857644238762163,,,,,
2012-03-01,0.8488296080399833,,-0.167104368276794,-0.16710436827679398,0.560394540536325,,,,,
2012-04-01,0.6063385633636178,,,,0.5181114016365057,,,,,
2012-05-01,0.7656898212938007,,,,0.5265680294164691,,,,,
2012-06-01,0.9666109725970754,,-0.2639282995111602,-0.2639282995111602,0.5096547738565412,,,,,
2012-07-01,0.8557579236021648,,,,0.5350246571964326,,,,,
2012-08-01,0.6894783501098004,,,,0.5857644238762163,,,,,
2012-09-01,0.37770414981161615,,-0.03239281177680627,-0.03239281177680625,0.6280475627760356,,,,,
2012-10-01,0.32920594087634286,,,,0.6787873294558182,,,,,
2012-11-01,0.14214142069743207,,,,0.7126138405756741,,,,,
2012-12-01,0.045145002826885446,,-0.25129909108928633,-0.25129909108928633,0.6534174461159269,,,,,
2013-01-01,0.550912038866163,0.5759151087631654,,,0.7210704683556375,0.15934379813024716,-0.8615281291737277,1.5363528653945309,1.284675320087229,1.529193883152358
2013-02-01,0.8003313991047101,,,,0.6703307016758548,,,,,
2013-03-01,0.6548367722988911,,-0.17552384055804324,-0.1755238405580432,0.7210704683556375,,,,,
2013-04-01,0.6617650878610726,,,,0.7464403516955288,,,,,
2013-05-01,1.1883170705868946,,,,0.7379837239155654,,,,,
2013-06-01,1.0289658126567116,,0.08127006402005836,0.08127006402005837,0.8140933739352406,,,,,
2013-07-01,0.3430625720007068,,,,0.8648331406150233,,,,,
2013-08-01,0.23913783856797868,,,,0.8648331406150233,,,,,
2013-09-01,-0.031066468357114765,,-0.023973339495557053,-0.023973339495557036,0.8310066294951673,,,,,
2013-10-01,0.08671489619997728,,,,0.8394632572751319,,,,,
2013-11-01,0.0035751094537946016,,,,0.8479198850550953,,,,,
2013-12-01,0.38463246537379764,,0.11494795314505528,0.11494795314505529,0.8732897683949866,,,,,
2014-01-01,0.045145002826885446,0.909061379640513,,,0.8140933739352406,0.3971052057453537,-0.9581189433052243,1.5783256592395674,0.5655978022227849,1.5732232457900435
2014-02-01,0.2668511008167056,,,,0.8140933739352406,,,,,
2014-03-01,0.1629263673839775,,-0.14605568757367093,-0.1460556875736709,0.8140933739352406,,,,,
2014-04-01,0.14906973625961356,,,,0.8479198850550953,,,,,
2014-05-01,0.1837113140705229,,,,0.8648331406150233,,,,,
2014-06-01,0.21835289188143228,,-0.04502202019868013,-0.04502202019868011,0.8648331406150233,,,,,
2014-07-01,0.05207331838906791,,,,0.8817463961749512,,,,,
2014-08-01,0.14214142069743207,,,,0.7887234905953481,,,,,
2014-09-01,0.38463246537379764,,0.13599663384817837,0.1359966338481784,0.805636746155276,,,,,
2014-10-01,0.564768669990526,,,,0.7379837239155654,,,,,
2014-11-01,0.4400589898712524,,,,0.6534174461159269,,,,,
2014-12-01,0.49548551436870725,,-0.22604067424553861,-0.2260406742455386,0.6365041905559989,,,,,
2015-01-01,0.8003313991047101,0.9306081302031224,,,0.6703307016758548,0.43566139125338055,-1.08572237578587,1.1625451236365532,0.3476892268378528,1.1569977998223815
2015-02-01,1.063607390467621,,,,0.6787873294558182,,,,,
2015-03-01,1.035894128218894,,0.17809399525442454,0.17809399525442457,0.7041572127957095,,,,,
2015-04-01,1.0982489682785304,,,,0.7464403516955288,,,,,
2015-05-01,1.3268833818305321,,,,0.7295270961356021,,,,,
2015-06-01,1.0497507593432571,,-0.36075223074552637,-0.36075223074552637,0.7802668628153847,,,,,
2015-07-01,0.6894783501098004,,,,0.8310066294951673,,,,,
2015-08-01,0.9873959192836208,,,,0.805636746155276,,,,,
2015-09-01,0.9943242348458023,,0.22440109280129528,0.2244010928012953,0.8140933739352406,,,,,
2015-10-01,1.0428224437810756,,,,0.7718102350354213,,,,,
2015-11-01,0.8765428702887103,,,,0.7718102350354213,,,,,
2015-12-01,0.8557579236021648,,0.01812402191068913,0.018124021910689146,0.6957005850157462,,,,,
2016-01-01,0.6548367722988911,1.1471995158313257,,,0.6957005850157462,0.24288168937284396,-1.0461531811856981,1.1951552254764566,-0.06632459785009953,1.1907288966279734
2016-02-01,0.8903995014130742,,,,0.5942210516561797,,,,,
2016-03-01,0.9943242348458023,,0.19914267595754764,0.19914267595754767,0.5857644238762163,,,,,
2016-04-01,1.0497507593432571,,,,0.45045837939679395,,,,,
2016-05-01,1.4308081152632601,,,,0.45045837939679395,,,,,
2016-06-01,1.313026750706169,,-0.596497454620505,-0.596497454620505,0.4758282627366865,,,,,
2016-07-01,1.2437435950843503,,,,0.5011981460765778,,,,,
2016-08-01,1.285313488457441,,,,0.5011981460765778,,,,,
2016-09-01,0.9388977103483475,,0.17388425911379993,0.17388425911379995,0.543481284976397,,,,,
2016-10-01,0.959682657034893,,,,0.6111343072161076,,,,,
2016-11-01,1.0289658126567116,,,,0.6026776794361443,,,,,
2016-12-01,1.3199550662683506,,0.0012850773481906466,0.0012850773481906652,0.8563765128350599,,,,,
2017-01-01,1.8950052579294467,1.1448331505367353,,,0.9324861628547338,-0.16838163378376048,-0.8157864720299559,1.3206006404384842,-0.4585517211806569,1.3127542359341062
2017-02-01,1.9157902046159914,,,,0.9493994184146618,,,,,
2017-03-01,1.0081808659701663,,0.4559365805356492,0.4559365805356492,0.9663126739745898,,,,,
2017-04-01,1.4100231685767157,,,,0.9578560461946252,,,,,
2017-05-01,1.236815279522169,,,,0.9155729072948059,,,,,
2017-06-01,0.8765428702887103,,-0.20499199354241557,-0.20499199354241554,0.9747693017545531,,,,,
2017-07-01,0.7934030835425285,,,,0.9663126739745898,,,,,
2017-08-01,0.5786253011148899,,,,1.008595812874409,,,,,
2017-09-01,0.7310482434828913,,0.22861082894191992,0.22861082894191995,1.0255090684343369,,,,,
2017-10-01,0.8765428702887103,,,,1.0339656962143002,,,,,
2017-11-01,1.0220374970945303,,,,1.0170524406543724,,,,,
2017-12-01,1.181388755024713,,-0.023973339495557053,-0.023973339495557036,0.9832259295345177,,,,,
2018-01-01,0.8211163457912555,1.1148294963978709,,,0.8986596517348792,-0.4189946946817121,-0.5936731926348451,1.51761455044428,-0.502133436257473,1.5083014858194084
2018-02-01,0.9111844480996196,,,,0.8902030239549146,,,,,
2018-03-01,0.8003313991047101,,-0.09132911774555091,-0.0913291177455509,0.8817463961749512,,,,,
2018-04-01,0.6756217189854365,,,,0.8732897683949866,,,,,
2018-05-01,1.1744604394625315,,,,0.8986596517348792,,,,,
2018-06-01,1.0843923371541664,,0.026543494191938345,0.026543494191938362,0.9155729072948059,,,,,
2018-07-01,0.6756217189854365,,,,0.8648331406150233,,,,,
2018-08-01,0.6340518256123446,,,,0.8732897683949866,,,,,
2018-09-01,0.6894783501098004,,-0.1628946321361694,-0.16289463213616936,0.9324861628547338,,,,,
2018-10-01,0.36384751868725224,,,,0.9409427906346984,,,,,
2018-11-01,0.6063385633636178,,,,0.9663126739745898,,,,,
2018-12-01,0.5162704610552536,,-0.04081228405805551,-0.04081228405805549,0.9663126739745898,,,,,
2019-01-01,0.6271235100501632,1.2850132547517235,,,0.9747693017545531,-0.8109802314991672,-0.7951710025512605,1.4510067965723201,-1.26479266919895,1.4462968461712418
2019-02-01,0.6201951944879818,,,,0.9916825573144811,,,,,
2019-03-01,0.5716969855527084,,0.35911264930128306,0.35911264930128306,1.0255090684343369,,,,,
2019-04-01,0.6548367722988911,,,,1.1100753462339754,,,,,
2019-05-01,0.5439837233039805,,,,1.0931620906740476,,,,,
2019-06-01,0.8349729769156194,,0.056011647176310686,0.05601164717631071,1.0847054628940829,,,,,
2019-07-01,0.8141880302290739,,,,1.008595812874409,,,,,
2019-08-01,0.8349729769156194,,,,1.0677922073341561,,,,,
2019-09-01,0.8072597146668915,,-0.04502202019868013,-0.04502202019868011,1.101618718454011,,,,,
2019-10-01,0.9042561325374382,,,,1.1269886017939021,,,,,
2019-11-01,0.9181127636618021,,,,1.194641624033614,,,,,
2019-12-01,0.7934030835425285,,-0.33128407776115404,-0.33128407776115404,1.2369247629334332,,,,,
2020-01-01,0.9804676037214384,2.217480054236735,,,1.2707512740532891,-1.068019425453416,-0.9666015092614144,1.3381771365577975,-2.8772828775980264,1.3478744806204506
2020-02-01,0.8072597146668915,,,,1.3045777851731426,,,,,
2020-03-01,1.077464021591985,,-2.373006105964093,-2.373006105964093,1.3214910407330718,,,,,
2020-04-01,1.694084106626172,,,,1.2961211573931792,,,,,
2020-05-01,1.6802274755018072,,,,1.2453813907133966,,,,,
2020-06-01,1.1606038083381667,,-5.193529320182586,-5.193529320182586,1.1439018573538302,,,,,
2020-07-01,0.696406665671982,,,,1.1185319740139388,,,,,
2020-08-01,0.8211163457912555,,,,1.1100753462339754,,,,,
2020-09-01,0.8903995014130742,,7.3178064897537745,7.3178064897537745,1.101618718454011,,,,,
2020-10-01,0.9735392881592568,,,,1.0931620906740476,,,,,
2020-11-01,0.8903995014130742,,,,1.101618718454011,,,,,
2020-12-01,0.9666109725970754,,-0.8785497760423542,-0.8785497760423542,1.0931620906740476,,,,,
2021-01-01,1.0705357060298035,,,,1.0931620906740476,-1.0339620233486226,-0.6502463912983742,1.660773826768577,-0.5152087820169403,1.6546238743004524
2021-02-01,0.959682657034893,,,,1.1185319740139388,,,,,
2021-03-01,1.4238797997010786,,0.06443111945755989,0.0644311194575599,1.1861849962536495,,,,,
2021-04-01,1.472378008636351,,,,1.25383801849336,,,,,
2021-05-01,1.2021737017112595,,,,1.2876645296132159,,,,,
2021-06-01,0.8349729769156194,,0.20756214823879687,0.2075621482387969,1.2792079018332525,,,,,
2021-07-01,1.2437435950843503,,,,1.3806874351928178,,,,,
2021-08-01,1.2298869639599854,,,,1.422970574092637,,,,,
2021-09-01,1.1190339149650759,,1.1000262100512155,1.1000262100512155,1.4483404574325296,,,,,
2021-10-01,1.3199550662683506,,,,1.4821669685523855,,,,,
2021-11-01,1.2437435950843503,,,,1.6005597574718775,,,,,
2021-12-01,1.4308081152632601,,0.2917568710512892,0.2917568710512892,1.6682127797115893,,,,,
2022-01-01,1.7425823155614444,,,,1.9472814964503973,,,,,
2022-02-01,1.8465070489941726,,,,2.1417839353895647,,,,,
2022-03-01,1.9850733602378101,,-0.2976061886361571,-0.2976061886361571,2.5138755577079746,,,,,
2022-04-01,2.3037758760981757,,,,2.860597296686492,,,,,
2022-05-01,2.379987347282178,,,,3.3510817079243966,,,,,
2022-06-01,,,0.030753230332562966,0.030753230332562984,,,,,,
2022-09-01,,,0.10652848086380609,0.1065284808638061,,,,,,
2022-12-01,,,,,,,,,,
